9384784d8105c55cc7ab9d5e7e403465b505af01,Maurício Aniche
58cc4f929c996f4d863204deb76e4d4b2d16fc98,Maurício Aniche
866f164c0041b31f233945d38ac2b88d742180d8,Maurício Aniche
6078c5b99e244cd83c804313e07fb56b782d709d,Maurício Aniche
d2c841adea050ce1f8e65ac4e82fc9248f66fa82,Maurício Aniche
7d8983e1dbbb1262784af13dc47ef1d5b41eb2a9,Maurício Aniche
7a60a54a4398f2b2ed2943b0d578054d431cdcdb,Maurício Aniche
be0bbc213d5d70a42ce2cd8b40ddf6de4ca4db11,Maurício Aniche
631ed4e5fe785e516e51af9105204c96c2bc9fbe,Maurício Aniche
b9f36eeb9403a3ca124ff43f5cae740aed057b0b,Maurício Aniche
50d740f25b9850b98edee706d2234b4d7b887055,Maurício Aniche
d439f72a0b80b539b90d2abffb81bad6c8f899a3,Maurício Aniche
99837ca6588ed7456310e51173123aa71bcdf911,Maurício Aniche
6ffc69e444a54f0dcbf53ba6a28c8fd02b8ef86d,Maurício Aniche
e08961b356d25cfcb487182b6910f3d1c0fe6d08,Maurício Aniche
fdbce347e2feb62c5458cb612b9d3c79a962c6d4,Maurício Aniche
5be770c6ce8bd7673186952a9cfea3f7ceafb175,Maurício Aniche
0067e9fe9719ae93ada88b759bc3c52c4b3fbada,Maurício Aniche
7738567dba5b56fd04038ea1f3f94a1f62d03cf1,Maurício Aniche
71e7fa9c33f3f7204a07613eb7345175cf1a00b6,Maurício Aniche
f9cde1a0374e74c80fd23fc361e1d1c083962b44,Maurício Aniche
023e0daa50b2278de9660f2db37fa749a34b61f7,Maurício Aniche
0ed0170fbecae65a8a10ff13dd4063d0c541d76a,Maurício Aniche
4a24fa72383b64e1c1c80ae85063ba4ab33d87f7,Maurício Aniche
9d93216a056ec7d9a0cdfb6d55a1652989b039d2,Maurício Aniche
ad770738bc8530be0066ce45fb86ebf50db2a698,Maurício Aniche
fbd7b70a7f7a1fc5b70f8d31c2d0ea25be20ca7b,Maurício Aniche
8be1032be4130777692b2274e2ee1aa48e8602ea,Maurício Aniche
c977bdb4a9c41abc8fa928dfab22b2920b9f1097,Maurício Aniche
b65ae105db87c2adcc6fbe45258f95adbc9c9321,Maurício Aniche
177cc24192d035a2b43455633c87cd309a687cc3,Maurício Aniche
4817eccd64d6ae188f7e74ac3ae936421f94f9fc,Maurício Aniche
62a38eebd5253565a5e451ee181239189fbe8e54,Maurício Aniche
e0b5e9c0c23a719b7459ca74a99456771765f31c,Maurício Aniche
cde1e4bc9476867899917ae13bf76b13e7828759,Maurício Aniche
48584573b1d7058bdcefa870dbc7cdb1dfc6b03f,Maurício Aniche
624e786d65237bf163bf1d740e48e0b6b58fe481,Maurício Aniche
5cc0ddc01e9a053ad74dc98cfbf7a75b2100cb5e,Maurício Aniche
d1625524b714f235e7dbf230a5849507f296fe15,Maurício Aniche
62ebb68e0f8072c18c0b386255c9f76d50d33d07,Maurício Aniche
05702e06f3e4fe667281c04188434528b9858708,Maurício Aniche
5429fe21bc203c346ce3972883b3b894ccdc46b1,Maurício Aniche
f467c8b1e9b812fb667478eb8afcdef6d76e5ccc,Maurício Aniche
322c53c0d04a606a1ef24997a6e3515359b48a5e,Maurício Aniche
28073759da0e32dcd47a1356ed560cac3b803aef,Maurício Aniche
bfca18e5fcf94751f6ac594a90a79e79ca7bee85,Maurício Aniche
a78e74055e48fc29926629f5a7f15f670c59763e,Maurício Aniche
4b2b5d66134f7108fa4ccfd81dbee1670dbe4c1d,Maurício Aniche
ac0383ddf6f58d3618faf341ceb05b2b45ecf337,Maurício Aniche
4a617989c9ea6c1dc808003564bef371eaab42aa,Maurício Aniche
dc4f3d28d89135e1748e16e9b0865ec9a100d00b,Maurício Aniche
562673e7a32be162758cdb0eb6266985b8c85e75,Maurício Aniche
c762df8947a32747cea3515b64453a4366672e31,Maurício Aniche
ce07a9e9d420b76065f9391735d3717544098238,Maurício Aniche
144b67f41925746b6b0f1f2e62041ae762839621,Maurício Aniche
848f090829475b60c8f779e89f6f2d3533d6dae6,Maurício Aniche
45e29be0b7565114d426289c7fa684a128f82b7e,Maurício Aniche
f5a10f93108161fc952ffa4e8f6702cc994c1f73,Maurício Aniche
93dc78c7e3065fe76eda7e1667f39cbe91ec43ee,Maurício Aniche
d97b8e544974a952c8e46b6a5c5649fe885a14e4,Maurício Aniche
c0fef72fec9089fcbec80027207715be500f5e2c,Maurício Aniche
d652b795008bed1a73b2b83b05ed9de96a853b37,Maurício Aniche
48d53f43e97e2b80bfbc65ab2a667266b97688df,Maurício Aniche
d6ff1cb29b43c72ae23a3f1770d65727adb7a101,Maurício Aniche
b9723d42324d1d41e51aa0a76ae3478849eecd19,Maurício Aniche
ae663682192e5ee6048d400390d12af88f1b02a9,Maurício Aniche
04f8404e879a6863ede6067cd8e2ca71712efe3b,rodrigopinho
8f3411f2981ccde1e9696be4c124674564c88ec4,Maurício Aniche
c13d35ccb8eea5e8080494391e184adfc728e86a,Maurício Aniche
6f537a1fc905a3f4c81a30b98ed81a0e838beffe,Maurício Aniche
1e32f8cf65d7083c2136f0abb3590b421726b47f,Maurício Aniche
a72b53fe20b8a358f722b7b859cb395e9e34c500,Maurício Aniche
5ebaf73428853a7323f84c8bdfc48a643abcd915,Maurício Aniche
15bed389f79c4ebaa80e4f866364a69b74647f55,Maurício Aniche
7c6c7c8fb82bf94815deae6461f2c083dbba0883,Maurício Aniche
38cc5c5cd4d3d95e3e12cefd4fc71332627ca484,Maurício Aniche
ccc376d76241798bbda5b2c05da7a8e251f96396,Maurício Aniche
1205bf4415870ab02108faef25820f9526e9f82e,Maurício Aniche
7d51e576dc006510059567de6af9a27063d3b0e5,Maurício Aniche
fd352e9078d140188ac5068de509447b6d3284ed,Maurício Aniche
b3876f6ae376bcdc48ce229c95eaed2fcc82b06a,Maurício Aniche
fd330d832618e1c25200a4bf66c128536e7184fa,Maurício Aniche
62ff339547d62e4f71d91613cbce728c4f55bd6c,Maurício Aniche
710a474c9aa83287e709e2be566b2de7cf888b6a,Maurício Aniche
c31a7f420d6fbc27017a6b5275e68c17d7747e92,Maurício Aniche
fb944278c75b4d18fc99936ff3dd6e4555564b8d,Maurício Aniche
6d1d08fe70395c02f46b9283be40e562a9c3b918,Maurício Aniche
ecbfc4b58c41c20fc7de6ae84ef8a61a285aaa44,Maurício Aniche
e87aa9e3ea055c064cf3def4048fbac08f64d07e,Maurício Aniche
3b9841402d7d7504bc34fa0fd4e93998090350b6,Maurício Aniche
8dcbf517aed39d6dd3abbbfda26472458980bfb4,Maurício Aniche
0cb5b8cfb4296e7fd8c5fb7af19b3e626e1c1bc4,Maurício Aniche
02a234753893c4a706eac87350ddeaced50d21d7,Maurício Aniche
1aa7afc7616f0990e2cad9922de990636fe73449,Maurício Aniche
6ab3fada545a2322d5f97c3a149f856bad895c20,Maurício Aniche
3b3756fe45ede3561a6116fe904f129674f89a00,Maurício Aniche
716c0f2a829b1630323fb31edf896f3eb7dec90e,Maurício Aniche
361b6a9713b88f09455d360395883ea0bdf05ed0,Maurício Aniche
7e91b0a3b794fa6078effd2dba079166f3b789dc,Maurício Aniche
a6cbb49bc195735d7e4ce9145b34d3f776f2e174,Maurício Aniche
a77a37cdfc2679ea7ac02929f635ff8b6ebe68a6,Maurício Aniche
f5f158ad9f4e379c11e7fe2f802e5de7fa769f6b,Maurício Aniche
ea28247ad9a8a51e9b45ddb216c36f9c5d5ae268,Maurício Aniche
7a86be270aa13462b462c84c7b99216406b3e80b,Maurício Aniche
447d0c0d50087dc4a0583598515dc62df5a18186,Maurício Aniche
1ff8640c33d0c8e1e9a7a9e16065427c3d24860a,Maurício Aniche
7400829a9cf2a4c9d55d88808116825e01ae01b5,Maurício Aniche
678483863522c6fab771f26c2ef0832dcac06637,Maurício Aniche
d99086d5dbcfc1e09af0c618b2a9d0aef55f79a1,Maurício Aniche
c79c45449201edb2895f48144a3b29cdce7c6f47,Maurício Aniche
